{"train_loss": [0.6391196547826131, 0.32946495637893675, 0.26790640861392023, 0.22918670230905214, 0.1959214872976144], "val_accuracy": [0.8709210526315789, 0.8873684210526316, 0.8896052631578948, 0.8964473684210527, 0.8961842105263158], "epoch_time": [607.8381152153015, 605.4245154857635, 573.8001232147217, 579.0593330860138, 569.2810521125793]}